<?xml version='1.0'?>
<module>
    <name>Rooms</name>
    <label>Rooms</label>
	<type>extension</type>
    <parent></parent>
    <version>1.0</version>
    <dependencies>
        <vtiger_version>6.0.0rc</vtiger_version>
        <vtiger_max_version>7.*</vtiger_max_version>
    </dependencies>
    <license>
        <file>License.txt</file>
    </license>
    <tables>
        <table>
            <name>vtiger_rooms</name>
            <sql><![CDATA[CREATE TABLE `vtiger_rooms` (
  `roomsid` int(11) DEFAULT NULL,
  `name` varchar(255) DEFAULT NULL,
  `room_type` varchar(100) DEFAULT NULL,
  `parent_id` int(11) DEFAULT NULL,
  `parent_name` varchar(255) DEFAULT NULL
) ENGINE=InnoDB DEFAULT CHARSET=utf8]]></sql>
        </table>
        <table>
            <name>vtiger_roomscf</name>
            <sql><![CDATA[CREATE TABLE `vtiger_roomscf` (
  `roomsid` int(11) NOT NULL,
  PRIMARY KEY (`roomsid`)
) ENGINE=InnoDB DEFAULT CHARSET=utf8]]></sql>
        </table>
		<table>
            <name>vtiger_rooms_related_modules</name>
            <sql><![CDATA[CREATE TABLE `vtiger_rooms_related_modules` (
  `module_name` varchar(255) DEFAULT NULL
) ENGINE=InnoDB DEFAULT CHARSET=utf8]]></sql>
        </table>
        <table>
            <name>vtiger_rooms_user_field</name>
            <sql><![CDATA[CREATE TABLE IF NOT EXISTS `vtiger_rooms_user_field` (
  `recordid` int(25) NOT NULL,
  `userid` int(25) NOT NULL,
  `starred` varchar(100) DEFAULT NULL
) ENGINE=InnoDB DEFAULT CHARSET=utf8;]]></sql>
        </table>
		<table>
            <name>vte_modules</name>
            <sql><![CDATA[CREATE TABLE `vte_modules` (
                `module`  varchar(50) NOT NULL ,
                `valid`  int(1) NULL ,
                PRIMARY KEY (`module`));]]></sql>
        </table>
    </tables>
    <blocks>
        <block>
            <label>LBL_ROOMS_INFORMATION</label>
            <fields>
                <field>
                    <fieldname>name</fieldname>
                    <uitype>2</uitype>
                    <columnname>name</columnname>
                    <tablename>vtiger_rooms</tablename>
                    <generatedtype>1</generatedtype>
                    <fieldlabel>Name</fieldlabel>
                    <readonly>1</readonly>
                    <presence>2</presence>
                    <defaultvalue></defaultvalue>
                    <sequence>1</sequence>
                    <maximumlength>100</maximumlength>
                    <typeofdata>V~M</typeofdata>
                    <quickcreate>1</quickcreate>
                    <quickcreatesequence></quickcreatesequence>
                    <displaytype>1</displaytype>
                    <info_type>BAS</info_type>
                    <helpinfo><![CDATA[]]></helpinfo>
                    <masseditable>1</masseditable>
                    <summaryfield>1</summaryfield>
                    <entityidentifier>
                        <entityidfield>roomsid</entityidfield>
                        <entityidcolumn>roomsid</entityidcolumn>
                    </entityidentifier>
                </field>
                <field>
                    <fieldname>assigned_user_id</fieldname>
                    <uitype>53</uitype>
                    <columnname>smownerid</columnname>
                    <tablename>vtiger_crmentity</tablename>
                    <generatedtype>1</generatedtype>
                    <fieldlabel>Assigned To</fieldlabel>
                    <readonly>1</readonly>
                    <presence>2</presence>
                    <defaultvalue></defaultvalue>
                    <sequence>3</sequence>
                    <maximumlength>100</maximumlength>
                    <typeofdata>V~M</typeofdata>
                    <quickcreate>1</quickcreate>
                    <quickcreatesequence></quickcreatesequence>
                    <displaytype>1</displaytype>
                    <info_type>BAS</info_type>
                    <helpinfo><![CDATA[]]></helpinfo>
                    <masseditable>1</masseditable>
                    <summaryfield>0</summaryfield>
                </field>
                <field>
                    <fieldname>CreatedTime</fieldname>
                    <uitype>70</uitype>
                    <columnname>createdtime</columnname>
                    <tablename>vtiger_crmentity</tablename>
                    <generatedtype>1</generatedtype>
                    <fieldlabel>Created Time</fieldlabel>
                    <readonly>1</readonly>
                    <presence>2</presence>
                    <defaultvalue></defaultvalue>
                    <sequence>4</sequence>
                    <maximumlength>100</maximumlength>
                    <typeofdata>T~O</typeofdata>
                    <quickcreate>1</quickcreate>
                    <quickcreatesequence></quickcreatesequence>
                    <displaytype>2</displaytype>
                    <info_type>BAS</info_type>
                    <helpinfo><![CDATA[]]></helpinfo>
                    <masseditable>1</masseditable>
                    <summaryfield>0</summaryfield>
                </field>
                <field>
                    <fieldname>ModifiedTime</fieldname>
                    <uitype>70</uitype>
                    <columnname>modifiedtime</columnname>
                    <tablename>vtiger_crmentity</tablename>
                    <generatedtype>1</generatedtype>
                    <fieldlabel>Modified Time</fieldlabel>
                    <readonly>1</readonly>
                    <presence>2</presence>
                    <defaultvalue></defaultvalue>
                    <sequence>5</sequence>
                    <maximumlength>100</maximumlength>
                    <typeofdata>T~O</typeofdata>
                    <quickcreate>1</quickcreate>
                    <quickcreatesequence></quickcreatesequence>
                    <displaytype>2</displaytype>
                    <info_type>BAS</info_type>
                    <helpinfo><![CDATA[]]></helpinfo>
                    <masseditable>1</masseditable>
                    <summaryfield>0</summaryfield>
                </field>
                <field>
                    <fieldname>modifiedby</fieldname>
                    <uitype>52</uitype>
                    <columnname>modifiedby</columnname>
                    <tablename>vtiger_crmentity</tablename>
                    <generatedtype>1</generatedtype>
                    <fieldlabel>Last Modified By</fieldlabel>
                    <readonly>1</readonly>
                    <presence>2</presence>
                    <defaultvalue></defaultvalue>
                    <sequence>6</sequence>
                    <maximumlength>100</maximumlength>
                    <typeofdata>V~O</typeofdata>
                    <quickcreate>1</quickcreate>
                    <quickcreatesequence></quickcreatesequence>
                    <displaytype>2</displaytype>
                    <info_type>BAS</info_type>
                    <helpinfo><![CDATA[]]></helpinfo>
                    <masseditable>1</masseditable>
                    <summaryfield>0</summaryfield>
                </field>
                <field>
                    <fieldname>room_type</fieldname>
                    <uitype>15</uitype>
                    <columnname>room_type</columnname>
                    <tablename>vtiger_rooms</tablename>
                    <generatedtype>1</generatedtype>
                    <fieldlabel>Type</fieldlabel>
                    <readonly>1</readonly>
                    <presence>2</presence>
                    <defaultvalue></defaultvalue>
                    <sequence>7</sequence>
                    <maximumlength>100</maximumlength>
                    <typeofdata>V~O</typeofdata>
                    <quickcreate>1</quickcreate>
                    <quickcreatesequence></quickcreatesequence>
                    <displaytype>1</displaytype>
                    <info_type>BAS</info_type>
                    <helpinfo><![CDATA[]]></helpinfo>
                    <masseditable>1</masseditable>
                    <summaryfield>0</summaryfield>
                    <picklistvalues>
                        <picklistvalue>Channel</picklistvalue>
                        <picklistvalue>Direct Message</picklistvalue>
                        <picklistvalue>Private Group</picklistvalue>
                    </picklistvalues>
                </field>
				<field>
                    <fieldname>parent_id</fieldname>
                    <uitype>2</uitype>
                    <columnname>parent_id</columnname>
                    <tablename>vtiger_rooms</tablename>
                    <generatedtype>1</generatedtype>
                    <fieldlabel>Parent Id</fieldlabel>
                    <readonly>1</readonly>
                    <presence>2</presence>
                    <defaultvalue></defaultvalue>
                    <sequence>8</sequence>
                    <maximumlength>100</maximumlength>
                    <typeofdata>V~O</typeofdata>
                    <quickcreate>1</quickcreate>
                    <quickcreatesequence></quickcreatesequence>
                    <displaytype>1</displaytype>
                    <info_type>BAS</info_type>
                    <helpinfo><![CDATA[]]></helpinfo>
                    <masseditable>1</masseditable>
                    <summaryfield>0</summaryfield>
                </field>
                <field>
                    <fieldname>parent_name</fieldname>
                    <uitype>2</uitype>
                    <columnname>parent_name</columnname>
                    <tablename>vtiger_rooms</tablename>
                    <generatedtype>1</generatedtype>
                    <fieldlabel>Parent Module Name</fieldlabel>
                    <readonly>1</readonly>
                    <presence>2</presence>
                    <defaultvalue></defaultvalue>
                    <sequence>9</sequence>
                    <maximumlength>100</maximumlength>
                    <typeofdata>V~O</typeofdata>
                    <quickcreate>1</quickcreate>
                    <quickcreatesequence></quickcreatesequence>
                    <displaytype>1</displaytype>
                    <info_type>BAS</info_type>
                    <helpinfo><![CDATA[]]></helpinfo>
                    <masseditable>1</masseditable>
                    <summaryfield>0</summaryfield>
                </field>
            </fields>
        </block>
        <block>
            <label>LBL_CUSTOM_INFORMATION</label>
            <fields>
                <field>
                    <fieldname>description</fieldname>
                    <uitype>19</uitype>
                    <columnname>description</columnname>
                    <tablename>vtiger_crmentity</tablename>
                    <generatedtype>1</generatedtype>
                    <fieldlabel>Description</fieldlabel>
                    <readonly>1</readonly>
                    <presence>2</presence>
                    <defaultvalue></defaultvalue>
                    <sequence>1</sequence>
                    <maximumlength>100</maximumlength>
                    <typeofdata>V~O</typeofdata>
                    <quickcreate>1</quickcreate>
                    <quickcreatesequence></quickcreatesequence>
                    <displaytype>1</displaytype>
                    <info_type>BAS</info_type>
                    <helpinfo><![CDATA[]]></helpinfo>
                    <masseditable>1</masseditable>
                    <summaryfield>0</summaryfield>
                </field>
            </fields>
        </block>
        <block>
            <label>LBL_ROOMSMESSAGES_INFORMATION</label>
        </block>
    </blocks>
    <customviews>
        
    </customviews>
    <sharingaccess>
        <default>public_readwritedelete</default>
    </sharingaccess>
    <relatedlists>
        <relatedlist>
            <function>get_dependents_list</function>
            <label>Members</label>
            <sequence>1</sequence>
            <presence>0</presence>
            <actions>
                <action>ADD</action>
            </actions>
            <relatedmodule>RoomsUsers</relatedmodule>
        </relatedlist>
        <relatedlist>
            <function>get_dependents_list</function>
            <label>Messages</label>
            <sequence>2</sequence>
            <presence>0</presence>
            <actions>
                <action>ADD</action>
            </actions>
            <relatedmodule>RoomsMessages</relatedmodule>
        </relatedlist>
    </relatedlists>
    <crons>
    </crons>
</module>