<?xml version='1.0'?>
<module>
    <name>RoomsMessages</name>
    <label>RoomsMessages</label>
	<type>extension</type>
    <parent></parent>
    <version>1.0</version>
    <dependencies>
        <vtiger_version>6.0.0rc</vtiger_version>
        <vtiger_max_version>7.*</vtiger_max_version>
    </dependencies>
    <license>
        <file>License.txt</file>
    </license>
    <tables>
        <table>
            <name>vtiger_roomsmessages</name>
            <sql><![CDATA[CREATE TABLE `vtiger_roomsmessages` (
  `roomsmessagesid` int(11) DEFAULT NULL,
  `message` longtext,
  `room_id` int(11) DEFAULT NULL,
  `msg_type` varchar(255) DEFAULT NULL,
  `path` varchar(255) DEFAULT NULL,
  `filename` varchar(255) DEFAULT NULL,
  `file_type` varchar(255) DEFAULT NULL
) ENGINE=InnoDB DEFAULT CHARSET=utf8]]></sql>
        </table>
        <table>
            <name>vtiger_roomsmessagescf</name>
            <sql><![CDATA[CREATE TABLE `vtiger_roomsmessagescf` (
  `roomsmessagesid` int(11) NOT NULL,
  PRIMARY KEY (`roomsmessagesid`)
) ENGINE=InnoDB DEFAULT CHARSET=utf8]]></sql>
        </table>
        <table>
            <name>vtiger_roomsmessages_status</name>
            <sql><![CDATA[CREATE TABLE `vtiger_roomsmessages_status` (
  `room_id` int(11) NOT NULL,
  `msgid` int(11) NOT NULL,
  `user_id` int(11) NOT NULL,
  `read` tinyint(3) DEFAULT '0',
  PRIMARY KEY (`room_id`,`msgid`,`user_id`)
) ENGINE=InnoDB DEFAULT CHARSET=latin1]]></sql>
        </table>
        <table>
            <name>vtiger_roomsmessages_user_field</name>
            <sql><![CDATA[CREATE TABLE IF NOT EXISTS `vtiger_roomsmessages_user_field` (
  `recordid` int(25) NOT NULL,
  `userid` int(25) NOT NULL,
  `starred` varchar(100) DEFAULT NULL
) ENGINE=InnoDB DEFAULT CHARSET=utf8;]]></sql>
        </table>
    </tables>
    <blocks>
        <block>
            <label>LBL_ROOMSMESSAGES_INFORMATION</label>
            <fields>
                <field>
                    <fieldname>message</fieldname>
                    <uitype>19</uitype>
                    <columnname>message</columnname>
                    <tablename>vtiger_roomsmessages</tablename>
                    <generatedtype>1</generatedtype>
                    <fieldlabel>Message</fieldlabel>
                    <readonly>1</readonly>
                    <presence>2</presence>
                    <defaultvalue></defaultvalue>
                    <sequence>1</sequence>
                    <maximumlength>100</maximumlength>
                    <typeofdata>V~M</typeofdata>
                    <quickcreate>1</quickcreate>
                    <quickcreatesequence></quickcreatesequence>
                    <displaytype>1</displaytype>
                    <info_type>BAS</info_type>
                    <helpinfo><![CDATA[]]></helpinfo>
                    <masseditable>1</masseditable>
                    <summaryfield>1</summaryfield>
                    <entityidentifier>
                        <entityidfield>roomsmessagesid</entityidfield>
                        <entityidcolumn>roomsmessagesid</entityidcolumn>
                    </entityidentifier>
                </field>
                <field>
                    <fieldname>room_id</fieldname>
                    <uitype>10</uitype>
                    <columnname>room_id</columnname>
                    <tablename>vtiger_roomsmessages</tablename>
                    <generatedtype>1</generatedtype>
                    <fieldlabel>Room</fieldlabel>
                    <readonly>1</readonly>
                    <presence>2</presence>
                    <defaultvalue></defaultvalue>
                    <sequence>2</sequence>
                    <maximumlength>100</maximumlength>
                    <typeofdata>I~O</typeofdata>
                    <quickcreate>1</quickcreate>
                    <quickcreatesequence></quickcreatesequence>
                    <displaytype>1</displaytype>
                    <info_type>BAS</info_type>
                    <helpinfo><![CDATA[]]></helpinfo>
                    <masseditable>1</masseditable>
                    <summaryfield>1</summaryfield>
                    <relatedmodules>
                        <relatedmodule>Rooms</relatedmodule>
                    </relatedmodules>
                </field>
                <field>
                    <fieldname>assigned_user_id</fieldname>
                    <uitype>53</uitype>
                    <columnname>smownerid</columnname>
                    <tablename>vtiger_crmentity</tablename>
                    <generatedtype>1</generatedtype>
                    <fieldlabel>Assigned To</fieldlabel>
                    <readonly>1</readonly>
                    <presence>2</presence>
                    <defaultvalue></defaultvalue>
                    <sequence>3</sequence>
                    <maximumlength>100</maximumlength>
                    <typeofdata>V~M</typeofdata>
                    <quickcreate>1</quickcreate>
                    <quickcreatesequence></quickcreatesequence>
                    <displaytype>1</displaytype>
                    <info_type>BAS</info_type>
                    <helpinfo><![CDATA[]]></helpinfo>
                    <masseditable>1</masseditable>
                    <summaryfield>0</summaryfield>
                </field>
                <field>
                    <fieldname>CreatedTime</fieldname>
                    <uitype>70</uitype>
                    <columnname>createdtime</columnname>
                    <tablename>vtiger_crmentity</tablename>
                    <generatedtype>1</generatedtype>
                    <fieldlabel>Created Time</fieldlabel>
                    <readonly>1</readonly>
                    <presence>2</presence>
                    <defaultvalue></defaultvalue>
                    <sequence>4</sequence>
                    <maximumlength>100</maximumlength>
                    <typeofdata>T~O</typeofdata>
                    <quickcreate>1</quickcreate>
                    <quickcreatesequence></quickcreatesequence>
                    <displaytype>2</displaytype>
                    <info_type>BAS</info_type>
                    <helpinfo><![CDATA[]]></helpinfo>
                    <masseditable>1</masseditable>
                    <summaryfield>0</summaryfield>
                </field>
                <field>
                    <fieldname>ModifiedTime</fieldname>
                    <uitype>70</uitype>
                    <columnname>modifiedtime</columnname>
                    <tablename>vtiger_crmentity</tablename>
                    <generatedtype>1</generatedtype>
                    <fieldlabel>Modified Time</fieldlabel>
                    <readonly>1</readonly>
                    <presence>2</presence>
                    <defaultvalue></defaultvalue>
                    <sequence>5</sequence>
                    <maximumlength>100</maximumlength>
                    <typeofdata>T~O</typeofdata>
                    <quickcreate>1</quickcreate>
                    <quickcreatesequence></quickcreatesequence>
                    <displaytype>2</displaytype>
                    <info_type>BAS</info_type>
                    <helpinfo><![CDATA[]]></helpinfo>
                    <masseditable>1</masseditable>
                    <summaryfield>0</summaryfield>
                </field>
                <field>
                    <fieldname>modifiedby</fieldname>
                    <uitype>52</uitype>
                    <columnname>modifiedby</columnname>
                    <tablename>vtiger_crmentity</tablename>
                    <generatedtype>1</generatedtype>
                    <fieldlabel>Last Modified By</fieldlabel>
                    <readonly>1</readonly>
                    <presence>2</presence>
                    <defaultvalue></defaultvalue>
                    <sequence>6</sequence>
                    <maximumlength>100</maximumlength>
                    <typeofdata>V~O</typeofdata>
                    <quickcreate>1</quickcreate>
                    <quickcreatesequence></quickcreatesequence>
                    <displaytype>2</displaytype>
                    <info_type>BAS</info_type>
                    <helpinfo><![CDATA[]]></helpinfo>
                    <masseditable>1</masseditable>
                    <summaryfield>0</summaryfield>
                </field>
                <field>
                    <fieldname>msg_type</fieldname>
                    <uitype>15</uitype>
                    <columnname>msg_type</columnname>
                    <tablename>vtiger_roomsmessages</tablename>
                    <generatedtype>1</generatedtype>
                    <fieldlabel>Type</fieldlabel>
                    <readonly>1</readonly>
                    <presence>2</presence>
                    <defaultvalue></defaultvalue>
                    <sequence>8</sequence>
                    <maximumlength>100</maximumlength>
                    <typeofdata>V~O</typeofdata>
                    <quickcreate>1</quickcreate>
                    <quickcreatesequence></quickcreatesequence>
                    <displaytype>1</displaytype>
                    <info_type>BAS</info_type>
                    <helpinfo><![CDATA[]]></helpinfo>
                    <masseditable>1</masseditable>
                    <summaryfield>0</summaryfield>
                    <picklistvalues>
                        <picklistvalue>text</picklistvalue>
                        <picklistvalue>attachment</picklistvalue>
                    </picklistvalues>
                </field>
                <field>
                    <fieldname>path</fieldname>
                    <uitype>2</uitype>
                    <columnname>path</columnname>
                    <tablename>vtiger_roomsmessages</tablename>
                    <generatedtype>1</generatedtype>
                    <fieldlabel>Path</fieldlabel>
                    <readonly>1</readonly>
                    <presence>2</presence>
                    <defaultvalue></defaultvalue>
                    <sequence>9</sequence>
                    <maximumlength>100</maximumlength>
                    <typeofdata>V~O</typeofdata>
                    <quickcreate>1</quickcreate>
                    <quickcreatesequence></quickcreatesequence>
                    <displaytype>1</displaytype>
                    <info_type>BAS</info_type>
                    <helpinfo><![CDATA[]]></helpinfo>
                    <masseditable>1</masseditable>
                    <summaryfield>0</summaryfield>
                </field>
                <field>
                    <fieldname>file_type</fieldname>
                    <uitype>2</uitype>
                    <columnname>file_type</columnname>
                    <tablename>vtiger_roomsmessages</tablename>
                    <generatedtype>1</generatedtype>
                    <fieldlabel>File Type</fieldlabel>
                    <readonly>1</readonly>
                    <presence>2</presence>
                    <defaultvalue></defaultvalue>
                    <sequence>10</sequence>
                    <maximumlength>100</maximumlength>
                    <typeofdata>V~O</typeofdata>
                    <quickcreate>1</quickcreate>
                    <quickcreatesequence></quickcreatesequence>
                    <displaytype>1</displaytype>
                    <info_type>BAS</info_type>
                    <helpinfo><![CDATA[]]></helpinfo>
                    <masseditable>1</masseditable>
                    <summaryfield>0</summaryfield>
                </field>
                <field>
                    <fieldname>filename</fieldname>
                    <uitype>2</uitype>
                    <columnname>filename</columnname>
                    <tablename>vtiger_roomsmessages</tablename>
                    <generatedtype>1</generatedtype>
                    <fieldlabel>File Name</fieldlabel>
                    <readonly>1</readonly>
                    <presence>2</presence>
                    <defaultvalue></defaultvalue>
                    <sequence>11</sequence>
                    <maximumlength>100</maximumlength>
                    <typeofdata>V~O</typeofdata>
                    <quickcreate>1</quickcreate>
                    <quickcreatesequence></quickcreatesequence>
                    <displaytype>1</displaytype>
                    <info_type>BAS</info_type>
                    <helpinfo><![CDATA[]]></helpinfo>
                    <masseditable>1</masseditable>
                    <summaryfield>0</summaryfield>
                </field>
            </fields>
        </block>
        <block>
            <label>LBL_CUSTOM_INFORMATION</label>
            <fields>
                <field>
                    <fieldname>description</fieldname>
                    <uitype>19</uitype>
                    <columnname>description</columnname>
                    <tablename>vtiger_crmentity</tablename>
                    <generatedtype>1</generatedtype>
                    <fieldlabel>Description</fieldlabel>
                    <readonly>1</readonly>
                    <presence>2</presence>
                    <defaultvalue></defaultvalue>
                    <sequence>1</sequence>
                    <maximumlength>100</maximumlength>
                    <typeofdata>V~O</typeofdata>
                    <quickcreate>1</quickcreate>
                    <quickcreatesequence></quickcreatesequence>
                    <displaytype>1</displaytype>
                    <info_type>BAS</info_type>
                    <helpinfo><![CDATA[]]></helpinfo>
                    <masseditable>1</masseditable>
                    <summaryfield>0</summaryfield>
                </field>
            </fields>
        </block>
    </blocks>
    <customviews>
        <customview>
            <viewname>All</viewname>
            <setdefault>true</setdefault>
            <setmetrics>false</setmetrics>
            <fields>
                <field>
                    <fieldname>message</fieldname>
                    <columnindex>0</columnindex>
                </field>
                <field>
                    <fieldname>room_id</fieldname>
                    <columnindex>1</columnindex>
                </field>
            </fields>
        </customview>
        <customview>
            <viewname>ftesafds</viewname>
            <setdefault>false</setdefault>
            <setmetrics>false</setmetrics>
            <fields>
                <field>
                    <fieldname>message</fieldname>
                    <columnindex>0</columnindex>
                </field>
                <field>
                    <fieldname>assigned_user_id</fieldname>
                    <columnindex>1</columnindex>
                </field>
                <field>
                    <fieldname>room_id</fieldname>
                    <columnindex>2</columnindex>
                </field>
            </fields>
        </customview>
    </customviews>
    <sharingaccess>
        <default>public_readwritedelete</default>
    </sharingaccess>
    <crons>
    </crons>
</module>