<?xml version='1.0'?>
<module>
	<name>Calendar</name>
	<label>Calendar</label>
	<parent>Tools</parent>
	<type>extension</type>
	<version>1.0</version>
	<dependencies>
		<vtiger_version>6.4.0</vtiger_version>
		<vtiger_max_version>6.*</vtiger_max_version>
	</dependencies>
	<migrations>
		<migration version='1.7'>		
		</migration>
	</migrations>
	<license>
		<file>modules/Events/README.txt</file>
	</license>
	<crons> 
	<cron> 
	<name>DailyActivityMail</name> 
	<frequency>900</frequency>
	<status>1</status>
	<handler>cron/modules/Calendar/DailyActivityMail.service</handler>
	<sequence>7</sequence>
	</cron>
	</crons>
</module>